Type,Name,Request Count,Failure Count,Median Response Time,Average Response Time,Min Response Time,Max Response Time,Average Content Size,Requests/s,Failures/s,50%,66%,75%,80%,90%,95%,98%,99%,99.9%,99.99%,100%
POST,/upload,2680,0,100.0,116.61117826240944,72.04802520573139,571.9894599169493,686.0,16.21957818693591,0.0,100,110,120,130,180,210,280,320,560,570,570
,Aggregated,2680,0,100.0,116.61117826240944,72.04802520573139,571.9894599169493,686.0,16.21957818693591,0.0,100,110,120,130,180,210,280,320,560,570,570
